﻿Designator,Footprint,Quantity,Value,LCSC Part #
BT1,XDCR-1220-006,1,Battery_Cell,C7498147
"C1, C4",0603,2,15pF,C1644 
"C10, C11, C12, C13, C16, C17, C18, C21, C5, C6, C7, C8, C9",0402,13,0.1uF,C1525 
"C14, C15, C19, C2, C3",0805,5,1uF,C28323
"C20, C23, C25, C27",0603,4,10uF,C19702
"C22, C24, C26",C_Elec_6.3x7.7,3,100uF,C5355875
D1,0805,1,FOR_FUNSIES,C2296
G1,horn_logo_combined_10.000mm,1,LOGO,
G2,horn_logo_combined_7.500mm,1,LOGO,
G3,horn_logo_combined_5.000mm,1,LOGO,
J1,USB_C_Receptacle_G-Switch_GT-USB-7010ASV,1,USB_C_Receptacle_USB2.0_16P,C2988369
J3,PinHeader_1x06_P2.54mm_Vertical,1,SWD,
J4,microSD_HC_Hirose_DM3AT-SF-PEJM5,1,Micro_SD_Card,C114218
J7,JST_PH_B3B-PH-SM4-TB_1x03-1MP_P2.00mm_Vertical,1,RGB 3,     C160353
J8,JST_PH_B3B-PH-SM4-TB_1x03-1MP_P2.00mm_Vertical,1,RGB 2,     C160353
J9,JST_PH_B3B-PH-SM4-TB_1x03-1MP_P2.00mm_Vertical,1,RGB 1,     C160353
"R1, R17, R20, R24, R25, R3, R30, R31, R35, R5",0402,10,10k,C25744 
"R10, R11, R16, R18, R19, R2, R21, R23, R26, R27, R28, R32, R33, R34, R7, R8, R9",0402,17,5.1k,C25905 
"R12, R29, R4, R6",0402,4,1k,C11702 
"R13, R14",0603,2,27,C25190
R15,0603,1,330,C23138 
R22,JST_PH_B2B-PH-SM4-TB_1x02-1MP_P2.00mm_Vertical,1,R_Photo,C2829150
RV1,JST_PH_B3B-PH-SM4-TB_1x03-1MP_P2.00mm_Vertical,1,Brightness,C146054
"SW1, SW10, SW11, SW12, SW13, SW14, SW15, SW16, SW17, SW18, SW19, SW2, SW20, SW21, SW22, SW23, SW24, SW25, SW26, SW27, SW28, SW29, SW3, SW30, SW31, SW32, SW33, SW34, SW35, SW36, SW37, SW38, SW39, SW4, SW40, SW41, SW42, SW43, SW44, SW45, SW46, SW47, SW48, SW49, SW5, SW6, SW7, SW8, SW9",JST_PH_B2B-PH-SM4-TB_1x02-1MP_P2.00mm_Vertical,49,MATRIX,C2829150
SW50,TS-1088-AR02016,1,RST,C720477 
SW51,TS-1088-AR02016,1,BOOTSEL,C720477 
SW52,TS-1088-AR02016,1,User,C720477 
U1,SOT-23-3,1,XC6206PxxxMR,C5446
U2,QFN-56-1EP_7x7mm_P0.4mm_EP3.2x3.2mm,1,RP2040,C2040 
U3,SOIC-8_5.23x5.23mm_P1.27mm,1,W25Q32JVSS,C179173
U4,SOIC-8_3.9x4.9mm_P1.27mm,1,FM24C64B,C914923
U5,SOIC-8_3.9x4.9mm_P1.27mm,1,PCF8523T,C2651516
U6,SOIC-14_3.9x8.7mm_P1.27mm,1,74125,C352957
Y1,Crystal_SMD_Abracon_ABM8G-4Pin_3.2x2.5mm,1,12MHz,C20625731 
Y2,Crystal_SMD_3215-2Pin_3.2x1.5mm,1,32.768kHz,C32346
